,Number of Clusters,WSS,AIC,AIC-corrected,LR,pvalue,LR-corrected,pvalue-corrected,C-Index,C-Index - corrected
Only Clinical,,,389.8,,1.8,0.1797124948789998,,,0.663,0.0
DISC_union,3.0,0.05,393.4,3.599999999999966,2.0,0.3678794411714423,0.1999999999999999,0.904837418,0.658,-0.005
DISC_intersection,16.0,0.68,393.9,4.099999999999966,5.7,0.4576208835210656,3.9,0.6902070898,0.587,-0.076
CASet_intersection,7.0,0.1,392.9,3.099999999999966,2.2,0.3328710836980795,0.4000000000000001,0.8187307531,0.617,-0.046
CASet_union,3.0,0.03,393.5,3.6999999999999886,1.9,0.3867410234545012,0.0999999999999998,0.9512294245,0.652,-0.011
BD,4.0,0.12,392.4,2.599999999999966,2.5,0.2865047968601901,0.7,0.7046880897,0.584,-0.079
1BD,3.0,0.09,380.4,-9.400000000000034,8.5,0.0142642339089992,6.7,0.0350843541,0.649,-0.014
2BD,3.0,0.07,393.0,3.1999999999999886,2.2,0.3328710836980795,0.4000000000000001,0.8187307531,0.677,0.014
AD,3.0,0.05,385.8,-4.0,5.8,0.0550232200564072,4.0,0.1353352832,0.607,-0.056
CD,8.0,0.13,391.1,1.3000000000000114,3.1,0.2122479738267431,1.3,0.5220457768,0.622,-0.041
PD,9.0,0.39,396.2,6.399999999999977,2.6,0.626823123978229,0.8,0.9384480644,0.631,-0.032
PCD,7.0,0.12,391.3,1.5,3.0,0.2231301601484298,1.2,0.5488116361,0.656,-0.007
MLTD,3.0,0.08,391.4,1.599999999999966,3.0,0.2231301601484298,1.2,0.5488116361,0.628,-0.035
MP3_union,6.0,0.06,390.7,0.8999999999999773,2.3,0.3166367693790533,0.4999999999999998,0.7788007831,0.631,-0.032
MP3_sigmoid,3.0,0.03,390.9,1.099999999999966,3.2,0.2018965179946554,1.4,0.4965853038,0.637,-0.026
MP3_intersection,11.0,0.24,392.7,2.8999999999999773,2.3,0.3166367693790533,0.4999999999999998,0.7788007831,0.662,-0.001
MP3_geometric,3.0,0.03,390.1,0.3000000000000113,3.6,0.1652988882215865,1.8,0.4065696597,0.636,-0.027
